{"stats":{"minecraft:used":{"minecraft:redstone_torch":2,"minecraft:blue_stained_glass_pane":1,"minecraft:oak_fence":51,"minecraft:glass":83,"minecraft:stone_brick_slab":136,"minecraft:water_bucket":1,"minecraft:iron_bars":142,"minecraft:quartz_pillar":8,"minecraft:birch_leaves":23,"minecraft:quartz_slab":17,"minecraft:smooth_quartz_slab":14,"minecraft:iron_block":153,"minecraft:grass_block":63,"minecraft:polished_andesite":4,"minecraft:oak_sign":1,"minecraft:smooth_sandstone_slab":3,"minecraft:red_terracotta":10,"minecraft:white_terracotta":124,"minecraft:stone":21,"minecraft:polished_granite":42,"minecraft:gray_concrete_powder":10,"minecraft:iron_door":7,"minecraft:stripped_birch_wood":14,"minecraft:quartz_stairs":72,"minecraft:sandstone_wall":61,"minecraft:stone_brick_stairs":33,"minecraft:stone_bricks":157,"minecraft:green_terracotta":25,"minecraft:smooth_quartz_stairs":104,"minecraft:spruce_leaves":8,"minecraft:torch":10,"minecraft:diamond_block":3,"minecraft:dirt":46,"minecraft:lime_terracotta":101,"minecraft:yellow_terracotta":71,"minecraft:iron_trapdoor":2,"minecraft:hopper":5,"minecraft:magenta_terracotta":51,"minecraft:blue_stained_glass":2,"minecraft:oak_sapling":67,"minecraft:sandstone_slab":17,"minecraft:acacia_fence":16,"minecraft:smooth_stone_slab":138,"minecraft:purple_terracotta":5,"minecraft:stone_brick_wall":4,"minecraft:dragon_head":1,"minecraft:green_stained_glass_pane":13,"minecraft:orange_terracotta":6,"minecraft:smooth_stone":731,"minecraft:bone_meal":211,"minecraft:large_fern":37,"minecraft:cobweb":9},"minecraft:custom":{"minecraft:time_since_rest":512686,"minecraft:sprint_one_cm":136326,"minecraft:damage_taken":280,"minecraft:walk_one_cm":2356986,"minecraft:fly_one_cm":3526214,"minecraft:play_one_minute":520016,"minecraft:crouch_one_cm":32872,"minecraft:deaths":1,"minecraft:sneak_time":16283,"minecraft:jump":798,"minecraft:leave_game":16,"minecraft:time_since_death":512653,"minecraft:walk_on_water_one_cm":1628},"minecraft:picked_up":{"minecraft:stick":3,"minecraft:torch":1,"minecraft:gunpowder":2,"minecraft:redstone_torch":1,"minecraft:oak_sapling":4,"minecraft:light_gray_carpet":2}},"DataVersion":2230}