{"stats":{"minecraft:picked_up":{"minecraft:red_banner":2,"minecraft:grass_block":2,"minecraft:spruce_log":3,"minecraft:white_carpet":4},"minecraft:killed":{"minecraft:pig":1},"minecraft:used":{"minecraft:birch_fence":16,"minecraft:trident":9,"minecraft:water_bucket":13,"minecraft:iron_block":11,"minecraft:grass_block":34,"minecraft:barrier":2,"minecraft:polished_andesite":12,"minecraft:carrot_on_a_stick":5,"minecraft:stone":14,"minecraft:spruce_sapling":16,"minecraft:stone_bricks":1,"minecraft:spruce_leaves":6,"minecraft:fishing_rod":8,"minecraft:potion":2,"minecraft:bow":10,"minecraft:white_carpet":120,"minecraft:red_banner":7,"minecraft:acacia_leaves":77,"minecraft:crossbow":11,"minecraft:smooth_stone_slab":603,"minecraft:purple_terracotta":1,"minecraft:end_stone_brick_stairs":45,"minecraft:white_concrete":32,"minecraft:smooth_stone":28,"minecraft:spruce_log":5,"minecraft:bone_meal":138,"minecraft:milk_bucket":1,"minecraft:cobweb":39},"minecraft:dropped":{"minecraft:potion":1,"minecraft:spruce_log":3,"minecraft:grass_block":2},"minecraft:custom":{"minecraft:time_since_rest":135406,"minecraft:sprint_one_cm":112805,"minecraft:walk_one_cm":310111,"minecraft:mob_kills":2,"minecraft:drop":6,"minecraft:damage_dealt":140,"minecraft:fly_one_cm":1654066,"minecraft:crouch_one_cm":96,"minecraft:play_one_minute":135406,"minecraft:sneak_time":783,"minecraft:jump":727,"minecraft:leave_game":6,"minecraft:time_since_death":135406,"minecraft:walk_on_water_one_cm":509,"minecraft:climb_one_cm":458}},"DataVersion":2230}