{"stats":{"minecraft:mined":{"minecraft:white_bed":1,"minecraft:birch_leaves":1,"minecraft:grass":2,"minecraft:oak_log":1,"minecraft:oak_leaves":1},"minecraft:dropped":{"minecraft:black_dye":1,"minecraft:black_banner":1,"minecraft:leather_helmet":1,"minecraft:wooden_axe":1,"minecraft:diamond_helmet":1,"minecraft:red_dye":1,"minecraft:trapped_chest":1,"minecraft:chainmail_chestplate":1},"minecraft:custom":{"minecraft:mob_kills":3,"minecraft:interact_with_anvil":8,"minecraft:inspect_hopper":3,"minecraft:interact_with_crafting_table":9,"minecraft:open_shulker_box":5,"minecraft:damage_dealt_resisted":84,"minecraft:leave_game":70,"minecraft:time_since_death":602955,"minecraft:climb_one_cm":1187,"minecraft:sprint_one_cm":3852123,"minecraft:walk_one_cm":2281129,"minecraft:drop":8,"minecraft:deaths":8,"minecraft:sneak_time":198160,"minecraft:walk_under_water_one_cm":9397,"minecraft:jump":30191,"minecraft:walk_on_water_one_cm":1931,"minecraft:tune_noteblock":12,"minecraft:play_one_minute":8276584,"minecraft:interact_with_loom":4,"minecraft:pot_flower":6,"minecraft:time_since_rest":603040,"minecraft:damage_taken":2912,"minecraft:trigger_trapped_chest":8,"minecraft:damage_dealt":284,"minecraft:interact_with_beacon":2,"minecraft:swim_one_cm":202,"minecraft:fly_one_cm":51019123,"minecraft:player_kills":2,"minecraft:open_chest":6,"minecraft:crouch_one_cm":196590,"minecraft:fall_one_cm":80835},"minecraft:killed":{"minecraft:spider":1,"minecraft:villager":2},"minecraft:used":{"minecraft:oak_fence":3,"minecraft:oak_trapdoor":1,"minecraft:nether_brick_fence":158,"minecraft:light_blue_stained_glass_pane":115,"minecraft:iron_bars":372,"minecraft:flint_and_steel":29,"minecraft:carved_pumpkin":1,"minecraft:smooth_quartz_slab":1116,"minecraft:armor_stand":81,"minecraft:redstone":295,"minecraft:ladder":4,"minecraft:bone_block":16,"minecraft:light_blue_terracotta":711,"minecraft:spruce_planks":2,"minecraft:chest":4,"minecraft:white_terracotta":946,"minecraft:brown_concrete":4,"minecraft:stone":329,"minecraft:stripped_jungle_wood":277,"minecraft:red_nether_brick_stairs":16,"minecraft:quartz_stairs":571,"minecraft:grass":1,"minecraft:smooth_sandstone_stairs":1,"minecraft:green_terracotta":1,"minecraft:spruce_leaves":53,"minecraft:dried_kelp_block":13,"minecraft:end_stone_brick_wall":2,"minecraft:anvil":52,"minecraft:white_carpet":25,"minecraft:hopper":10,"minecraft:blue_stained_glass":98,"minecraft:spruce_stairs":1,"minecraft:nether_bricks":39,"minecraft:prismarine_brick_stairs":9,"minecraft:cobblestone_wall":5,"minecraft:stone_stairs":54,"minecraft:nether_brick_slab":46,"minecraft:yellow_carpet":4,"minecraft:pink_terracotta":43,"minecraft:polished_granite_slab":542,"minecraft:beehive":1,"minecraft:spruce_fence":7,"minecraft:light_blue_stained_glass":295,"minecraft:obsidian":31,"minecraft:polished_diorite":136,"minecraft:andesite_wall":22,"minecraft:birch_door":1,"minecraft:glass":1172,"minecraft:brown_terracotta":1,"minecraft:wooden_axe":5,"minecraft:yellow_stained_glass":6,"minecraft:sea_lantern":316,"minecraft:cyan_terracotta":25,"minecraft:lava_bucket":1,"minecraft:stripped_dark_oak_wood":74,"minecraft:bricks":24,"minecraft:quartz_slab":1563,"minecraft:bookshelf":12,"minecraft:quartz_pillar":1181,"minecraft:grass_block":212,"minecraft:iron_block":1212,"minecraft:black_stained_glass_pane":73,"minecraft:red_wool":9,"minecraft:light_weighted_pressure_plate":3,"minecraft:lantern":8,"minecraft:oak_stairs":4,"minecraft:slime_block":1,"minecraft:smooth_sandstone":26,"minecraft:polished_andesite_stairs":145,"minecraft:quartz_block":1309,"minecraft:dark_oak_slab":8,"minecraft:gray_concrete_powder":107,"minecraft:smooth_quartz":1918,"minecraft:pink_stained_glass_pane":21,"minecraft:diorite_wall":33,"minecraft:pink_wool":72,"minecraft:stone_bricks":487,"minecraft:tall_grass":2,"minecraft:item_frame":394,"minecraft:repeater":184,"minecraft:red_nether_brick_wall":14,"minecraft:red_stained_glass_pane":93,"minecraft:light_gray_wool":1,"minecraft:scaffolding":4,"minecraft:emerald_block":14,"minecraft:glowstone":3,"minecraft:birch_trapdoor":22,"minecraft:snow":36,"minecraft:brown_carpet":28,"minecraft:redstone_lamp":4,"minecraft:lime_concrete":2,"minecraft:bow":26,"minecraft:black_stained_glass":52,"minecraft:iron_trapdoor":114,"minecraft:sweet_berries":12,"minecraft:dark_oak_pressure_plate":1,"minecraft:oak_sapling":18,"minecraft:lime_stained_glass":2,"minecraft:white_stained_glass_pane":340,"minecraft:podzol":31,"minecraft:trapped_chest":3,"minecraft:polished_diorite_stairs":30,"minecraft:skeleton_skull":2,"minecraft:stone_pressure_plate":120,"minecraft:end_stone_brick_stairs":2,"minecraft:mossy_stone_brick_wall":1,"minecraft:green_stained_glass_pane":6,"minecraft:large_fern":17,"minecraft:spider_spawn_egg":1,"minecraft:dark_oak_stairs":6,"minecraft:water_bucket":5,"minecraft:iron_ore":1,"minecraft:diorite":20,"minecraft:end_rod":202,"minecraft:nether_brick_wall":8,"minecraft:end_stone_bricks":3,"minecraft:birch_planks":18,"minecraft:birch_leaves":13,"minecraft:polished_andesite":426,"minecraft:lime_wool":29,"minecraft:oak_planks":11,"minecraft:red_nether_bricks":30,"minecraft:birch_wood":19,"minecraft:polished_diorite_slab":12,"minecraft:sandstone":31,"minecraft:cut_sandstone":30,"minecraft:redstone_block":58,"minecraft:end_stone_brick_slab":5,"minecraft:cauldron":2,"minecraft:diamond_axe":1,"minecraft:beacon":6,"minecraft:stonecutter":8,"minecraft:gold_ore":1,"minecraft:smooth_quartz_stairs":496,"minecraft:oak_leaves":733,"minecraft:white_wool":3,"minecraft:pink_concrete":2,"minecraft:dark_oak_trapdoor":3,"minecraft:diamond_block":2,"minecraft:purpur_stairs":71,"minecraft:terracotta":1,"minecraft:comparator":2,"minecraft:light_blue_concrete":5,"minecraft:cut_sandstone_slab":32,"minecraft:crafting_table":2,"minecraft:loom":3,"minecraft:blast_furnace":4,"minecraft:yellow_stained_glass_pane":12,"minecraft:yellow_concrete":130,"minecraft:acacia_leaves":78,"minecraft:white_bed":3,"minecraft:dark_oak_fence_gate":12,"minecraft:purple_terracotta":312,"minecraft:chiseled_quartz_block":97,"minecraft:stone_brick_wall":341,"minecraft:lime_shulker_box":1,"minecraft:gray_concrete":13,"minecraft:smooth_red_sandstone_stairs":3,"minecraft:spruce_log":18,"minecraft:dark_oak_door":2,"minecraft:mushroom_stem":19,"minecraft:cyan_stained_glass":211,"minecraft:birch_fence":84,"minecraft:redstone_torch":80,"minecraft:oak_log":11,"minecraft:sticky_piston":11,"minecraft:blue_stained_glass_pane":31,"minecraft:piston":28,"minecraft:lever":22,"minecraft:green_concrete":12,"minecraft:flower_pot":6,"minecraft:birch_slab":5,"minecraft:black_wool":9,"minecraft:black_concrete":125,"minecraft:daylight_detector":20,"minecraft:acacia_sign":3,"minecraft:birch_fence_gate":12,"minecraft:command_block":98,"minecraft:heavy_weighted_pressure_plate":16,"minecraft:gray_stained_glass_pane":6,"minecraft:light_gray_concrete":127,"minecraft:red_terracotta":179,"minecraft:polished_granite":117,"minecraft:map":54,"minecraft:barrier":15,"minecraft:string":24,"minecraft:stone_button":49,"minecraft:stone_slab":82,"minecraft:jungle_stairs":14,"minecraft:spruce_trapdoor":48,"minecraft:purpur_slab":18,"minecraft:oak_pressure_plate":2,"minecraft:gravel":66,"minecraft:iron_door":19,"minecraft:spruce_sapling":8,"minecraft:polished_andesite_slab":145,"minecraft:yellow_wool":108,"minecraft:magenta_stained_glass_pane":5,"minecraft:chiseled_stone_bricks":26,"minecraft:green_shulker_box":26,"minecraft:cobblestone":40,"minecraft:end_crystal":2,"minecraft:cyan_stained_glass_pane":81,"minecraft:acacia_pressure_plate":2,"minecraft:white_banner":13,"minecraft:smithing_table":1,"minecraft:dark_oak_fence":19,"minecraft:andesite_stairs":2,"minecraft:white_stained_glass":102,"minecraft:lapis_block":12,"minecraft:glass_pane":209,"minecraft:grass_path":6,"minecraft:pink_stained_glass":58,"minecraft:smooth_stone_slab":1281,"minecraft:white_concrete":2012,"minecraft:splash_potion":5,"minecraft:cobweb":52,"minecraft:bone_meal":20,"minecraft:smooth_stone":262,"minecraft:birch_stairs":4,"minecraft:gray_stained_glass":4},"minecraft:killed_by":{"minecraft:player":3},"minecraft:picked_up":{"minecraft:wooden_axe":4,"minecraft:fishing_rod":1,"minecraft:heavy_weighted_pressure_plate":2,"minecraft:dark_oak_trapdoor":1,"minecraft:white_carpet":14,"minecraft:flint_and_steel":1,"minecraft:item_frame":1,"minecraft:iron_leggings":1,"minecraft:quartz_slab":2,"minecraft:white_stained_glass":2,"minecraft:birch_fence":1,"minecraft:glass_pane":3,"minecraft:red_dye":1,"minecraft:redstone_torch":2,"minecraft:smooth_quartz":2,"minecraft:quartz_stairs":2,"minecraft:smooth_quartz_stairs":4,"minecraft:piston":1,"minecraft:dark_oak_door":11,"minecraft:black_stained_glass":1,"minecraft:cyan_stained_glass":1,"minecraft:spruce_fence":1,"minecraft:quartz_pillar":4,"minecraft:stone_button":3,"minecraft:redstone":8,"minecraft:mushroom_stem":2,"minecraft:brown_carpet":2,"minecraft:stone_pressure_plate":190,"minecraft:purple_terracotta":1,"minecraft:black_dye":1,"minecraft:command_block":1,"minecraft:nether_bricks":2,"minecraft:hay_block":1,"minecraft:iron_block":2,"minecraft:carved_pumpkin":1,"minecraft:stripped_dark_oak_wood":2,"minecraft:end_rod":29,"minecraft:glowstone":3,"minecraft:black_banner":3,"minecraft:white_terracotta":1,"minecraft:blaze_rod":4,"minecraft:lime_stained_glass":3,"minecraft:white_wool":1,"minecraft:cobblestone":2,"minecraft:repeater":1,"minecraft:water_bucket":1,"minecraft:acacia_leaves":2,"minecraft:chiseled_quartz_block":1,"minecraft:filled_map":2,"minecraft:oak_log":3,"minecraft:cobblestone_wall":1,"minecraft:gray_concrete":1,"minecraft:lantern":2,"minecraft:gray_concrete_powder":1,"minecraft:wheat_seeds":20,"minecraft:magenta_stained_glass":1,"minecraft:polished_andesite_slab":2,"minecraft:polished_andesite_stairs":1,"minecraft:pig_spawn_egg":2,"minecraft:diorite_wall":1,"minecraft:pumpkin":1,"minecraft:chiseled_stone_bricks":1,"minecraft:yellow_concrete":1,"minecraft:oak_pressure_plate":1,"minecraft:pink_stained_glass_pane":3,"minecraft:birch_fence_gate":2,"minecraft:black_stained_glass_pane":1,"minecraft:light_blue_stained_glass":1,"minecraft:spruce_log":4,"minecraft:red_banner":1,"minecraft:spruce_sapling":2,"minecraft:white_bed":2,"minecraft:grass_block":1,"minecraft:nether_brick_slab":3,"minecraft:trapped_chest":1,"minecraft:sea_lantern":5,"minecraft:leather_helmet":4,"minecraft:polished_diorite_stairs":1,"minecraft:yellow_carpet":1,"minecraft:light_blue_terracotta":2,"minecraft:green_concrete":2,"minecraft:black_concrete":1,"minecraft:lever":3,"minecraft:light_blue_carpet":15,"minecraft:painting":1,"minecraft:smooth_quartz_slab":5,"minecraft:oak_leaves":1},"minecraft:crafted":{"minecraft:leather_helmet":1}},"DataVersion":2230}