{"stats":{"minecraft:mined":{"minecraft:grass_block":2,"minecraft:cyan_bed":3,"minecraft:lime_wool":1,"minecraft:glass_pane":1,"minecraft:light_blue_bed":8},"minecraft:dropped":{"minecraft:crafting_table":3,"minecraft:red_wool":1,"minecraft:elytra":1,"minecraft:redstone_lamp":1,"minecraft:packed_ice":3,"minecraft:black_stained_glass_pane":1,"minecraft:black_stained_glass":1,"minecraft:note_block":3,"minecraft:emerald_block":1,"minecraft:polished_andesite_slab":1,"minecraft:oak_planks":3,"minecraft:quartz_block":2,"minecraft:written_book":1,"minecraft:oak_leaves":3,"minecraft:splash_potion":64,"minecraft:enchanting_table":3,"minecraft:tnt":3,"minecraft:apple":64,"minecraft:granite":1,"minecraft:command_block":1,"minecraft:grass_block":3,"minecraft:golden_apple":1,"minecraft:polished_andesite":2,"minecraft:wooden_axe":2,"minecraft:map":1,"minecraft:smooth_quartz_slab":1,"minecraft:smooth_stone":1,"minecraft:paper":2,"minecraft:trapped_chest":1,"minecraft:polished_diorite":2,"minecraft:chiseled_quartz_block":1,"minecraft:blaze_rod":1,"minecraft:smooth_stone_slab":1,"minecraft:glass_pane":1,"minecraft:flint_and_steel":1,"minecraft:filled_map":1,"minecraft:stone":3,"minecraft:brick":5},"minecraft:custom":{"minecraft:interact_with_crafting_table":2,"minecraft:bell_ring":35,"minecraft:leave_game":125,"minecraft:time_since_death":602548,"minecraft:sprint_one_cm":4624667,"minecraft:drop":62,"minecraft:talked_to_villager":19,"minecraft:deaths":4,"minecraft:jump":20832,"minecraft:walk_on_water_one_cm":17542,"minecraft:play_one_minute":9890505,"minecraft:open_enderchest":2,"minecraft:damage_dealt":580,"minecraft:interact_with_beacon":9,"minecraft:player_kills":7,"minecraft:crouch_one_cm":2036893,"minecraft:interact_with_anvil":6,"minecraft:mob_kills":2,"minecraft:inspect_hopper":1,"minecraft:damage_dealt_resisted":160,"minecraft:climb_one_cm":16039,"minecraft:walk_one_cm":9762707,"minecraft:sneak_time":337439,"minecraft:walk_under_water_one_cm":13475,"minecraft:tune_noteblock":67,"minecraft:pot_flower":7,"minecraft:time_since_rest":602593,"minecraft:damage_taken":2185,"minecraft:trigger_trapped_chest":11,"minecraft:swim_one_cm":39793,"minecraft:fly_one_cm":48046021,"minecraft:open_chest":5,"minecraft:aviate_one_cm":50758389,"minecraft:fall_one_cm":320897},"minecraft:killed":{"minecraft:cow":1,"minecraft:villager":1},"minecraft:used":{"minecraft:light_blue_banner":22,"minecraft:nether_brick_fence":22,"minecraft:light_blue_stained_glass_pane":43,"minecraft:jack_o_lantern":3,"minecraft:smooth_quartz_slab":416,"minecraft:bone_block":220,"minecraft:ladder":8,"minecraft:oak_sign":11,"minecraft:white_concrete_powder":17,"minecraft:green_banner":1,"minecraft:chest":10,"minecraft:white_terracotta":19,"minecraft:stone":142,"minecraft:brown_concrete":2,"minecraft:stripped_jungle_wood":2,"minecraft:red_nether_brick_stairs":4,"minecraft:quartz_stairs":287,"minecraft:bell":8,"minecraft:player_head":1,"minecraft:mossy_stone_brick_slab":1,"minecraft:smooth_sandstone_stairs":54,"minecraft:green_terracotta":4,"minecraft:spruce_leaves":1,"minecraft:soul_sand":25,"minecraft:blue_stained_glass":30,"minecraft:brick_slab":29,"minecraft:nether_bricks":35,"minecraft:prismarine_brick_stairs":47,"minecraft:orange_wool":17,"minecraft:pink_terracotta":5,"minecraft:cyan_wool":181,"minecraft:snowball":3,"minecraft:milk_bucket":1,"minecraft:glass":883,"minecraft:bricks":281,"minecraft:quartz_pillar":415,"minecraft:lime_banner":2,"minecraft:red_wool":61,"minecraft:quartz_slab":515,"minecraft:black_stained_glass_pane":35,"minecraft:lantern":35,"minecraft:grass_block":334,"minecraft:green_wool":12,"minecraft:polished_andesite_stairs":12,"minecraft:quartz_block":1078,"minecraft:light_blue_bed":3,"minecraft:dark_oak_slab":69,"minecraft:gray_concrete_powder":329,"minecraft:diorite_wall":147,"minecraft:stone_brick_stairs":72,"minecraft:stone_bricks":1423,"minecraft:blue_banner":1,"minecraft:item_frame":146,"minecraft:bedrock":1,"minecraft:birch_trapdoor":4,"minecraft:repeater":22,"minecraft:redstone_lamp":36,"minecraft:bow":86,"minecraft:written_book":49,"minecraft:oak_sapling":18,"minecraft:furnace":4,"minecraft:polished_diorite_stairs":120,"minecraft:gray_banner":4,"minecraft:end_stone_brick_stairs":36,"minecraft:dark_oak_stairs":24,"minecraft:diorite":74,"minecraft:end_rod":62,"minecraft:end_stone_bricks":132,"minecraft:brick_wall":17,"minecraft:wither_skeleton_skull":15,"minecraft:red_stained_glass":14,"minecraft:birch_leaves":328,"minecraft:jungle_fence":2,"minecraft:birch_wood":3,"minecraft:polished_diorite_slab":211,"minecraft:sandstone":323,"minecraft:composter":1,"minecraft:redstone_block":36,"minecraft:end_stone_brick_slab":153,"minecraft:diamond_axe":19,"minecraft:oak_leaves":1507,"minecraft:smooth_quartz_stairs":81,"minecraft:white_wool":137,"minecraft:purpur_stairs":9,"minecraft:cut_sandstone_slab":10,"minecraft:light_blue_wool":59,"minecraft:smooth_red_sandstone":2,"minecraft:black_banner":1,"minecraft:acacia_leaves":116,"minecraft:chiseled_quartz_block":149,"minecraft:purple_terracotta":18,"minecraft:note_block":8,"minecraft:gray_concrete":1,"minecraft:stone_brick_wall":4,"minecraft:black_concrete_powder":4,"minecraft:end_stone":2,"minecraft:red_sandstone_wall":1,"minecraft:birch_fence":124,"minecraft:redstone_torch":18,"minecraft:lever":55,"minecraft:firework_rocket":1036,"minecraft:daylight_detector":12,"minecraft:gray_stained_glass_pane":3,"minecraft:birch_slab":18,"minecraft:string":13,"minecraft:cyan_bed":5,"minecraft:brown_stained_glass":73,"minecraft:barrier":1,"minecraft:stone_button":5,"minecraft:red_terracotta":90,"minecraft:polished_granite":48,"minecraft:oak_pressure_plate":4,"minecraft:iron_door":82,"minecraft:prismarine_wall":37,"minecraft:polished_andesite_slab":502,"minecraft:wooden_sword":1,"minecraft:dark_oak_fence":67,"minecraft:smooth_stone_slab":1812,"minecraft:white_concrete":217,"minecraft:chorus_plant":2,"minecraft:bone_meal":368,"minecraft:purple_wool":106,"minecraft:diorite_slab":8,"minecraft:cobweb":53,"minecraft:diorite_stairs":4,"minecraft:oak_trapdoor":4,"minecraft:oak_fence":14,"minecraft:purpur_block":31,"minecraft:iron_bars":465,"minecraft:orange_concrete":278,"minecraft:carved_pumpkin":13,"minecraft:armor_stand":1,"minecraft:redstone":20,"minecraft:sandstone_wall":4,"minecraft:torch":22,"minecraft:end_stone_brick_wall":14,"minecraft:dirt":2,"minecraft:white_carpet":53,"minecraft:chorus_flower":2,"minecraft:hopper":2,"minecraft:prismarine_bricks":81,"minecraft:stone_stairs":22,"minecraft:yellow_carpet":23,"minecraft:jungle_trapdoor":6,"minecraft:polished_granite_slab":7,"minecraft:granite":2,"minecraft:light_blue_stained_glass":17,"minecraft:blue_concrete":24,"minecraft:nether_brick_stairs":7,"minecraft:polished_diorite":454,"minecraft:andesite_wall":72,"minecraft:purple_banner":1,"minecraft:purple_stained_glass_pane":27,"minecraft:stone_brick_slab":274,"minecraft:dark_oak_planks":73,"minecraft:wooden_axe":8,"minecraft:sea_lantern":311,"minecraft:red_tulip":1,"minecraft:bookshelf":19,"minecraft:iron_block":1114,"minecraft:oak_stairs":51,"minecraft:slime_block":2,"minecraft:brick_stairs":290,"minecraft:smooth_sandstone":1911,"minecraft:smooth_quartz":790,"minecraft:glowstone":173,"minecraft:black_stained_glass":137,"minecraft:emerald_block":14,"minecraft:iron_trapdoor":3,"minecraft:magenta_terracotta":46,"minecraft:minecart":2,"minecraft:cyan_banner":1,"minecraft:trapped_chest":2,"minecraft:stone_pressure_plate":31,"minecraft:orange_terracotta":332,"minecraft:pumpkin":10,"minecraft:cooked_mutton":2,"minecraft:yellow_banner":2,"minecraft:pink_glazed_terracotta":1,"minecraft:sandstone_stairs":3,"minecraft:prismarine_brick_slab":38,"minecraft:birch_planks":36,"minecraft:polished_andesite":438,"minecraft:lime_wool":361,"minecraft:pink_banner":6,"minecraft:blue_wool":1,"minecraft:smooth_sandstone_slab":129,"minecraft:cut_sandstone":8,"minecraft:beacon":10,"minecraft:cobblestone_slab":4,"minecraft:diamond_block":1,"minecraft:orange_carpet":56,"minecraft:light_gray_banner":1,"minecraft:rail":21,"minecraft:vine":12,"minecraft:crafting_table":1,"minecraft:tnt":20,"minecraft:lime_bed":4,"minecraft:red_bed":2,"minecraft:brown_banner":1,"minecraft:painting":98,"minecraft:smooth_red_sandstone_stairs":35,"minecraft:spruce_log":15,"minecraft:purple_stained_glass":15,"minecraft:oak_log":97,"minecraft:blue_stained_glass_pane":58,"minecraft:flower_pot":10,"minecraft:apple":5,"minecraft:command_block":57,"minecraft:map":21,"minecraft:magenta_concrete":62,"minecraft:stone_slab":2,"minecraft:spruce_trapdoor":2,"minecraft:magenta_banner":2,"minecraft:cobblestone":1,"minecraft:orange_banner":4,"minecraft:white_banner":7,"minecraft:sandstone_slab":1,"minecraft:red_banner":2,"minecraft:andesite_stairs":7,"minecraft:lapis_block":12,"minecraft:glass_pane":3138,"minecraft:magenta_glazed_terracotta":154,"minecraft:smooth_stone":103,"minecraft:splash_potion":2653,"minecraft:birch_stairs":61},"minecraft:killed_by":{"minecraft:player":1},"minecraft:picked_up":{"minecraft:wooden_axe":5,"minecraft:flower_pot":3,"minecraft:oak_stairs":3,"minecraft:smooth_stone_slab":1,"minecraft:oak_sign":5,"minecraft:smooth_stone":1,"minecraft:redstone_torch":1,"minecraft:written_book":7,"minecraft:torch":2,"minecraft:green_terracotta":2,"minecraft:quartz_block":2,"minecraft:command_block":129,"minecraft:light_blue_wool":1,"minecraft:bookshelf":2,"minecraft:blaze_rod":1,"minecraft:enchanting_table":1,"minecraft:repeater":2,"minecraft:iron_door":47,"minecraft:orange_carpet":2,"minecraft:chiseled_quartz_block":3,"minecraft:purple_stained_glass":2,"minecraft:magenta_terracotta":2,"minecraft:dirt":2,"minecraft:lantern":68,"minecraft:gray_concrete_powder":1,"minecraft:glass":5,"minecraft:wheat_seeds":1,"minecraft:pink_banner":1,"minecraft:diamond_helmet":1,"minecraft:oak_planks":1,"minecraft:pig_spawn_egg":1,"minecraft:grass_block":1,"minecraft:trapped_chest":1,"minecraft:polished_andesite":3,"minecraft:lever":10,"minecraft:granite":1,"minecraft:bone_meal":64,"minecraft:golden_apple":1,"minecraft:white_concrete":1,"minecraft:jack_o_lantern":2,"minecraft:oak_leaves":2,"minecraft:end_stone_bricks":2,"minecraft:magenta_glazed_terracotta":2,"minecraft:fishing_rod":2,"minecraft:crafting_table":1,"minecraft:azure_bluet":6,"minecraft:purple_wool":2,"minecraft:ladder":8,"minecraft:redstone_lamp":1,"minecraft:packed_ice":1,"minecraft:brick":3,"minecraft:cornflower":2,"minecraft:red_bed":7,"minecraft:elytra":4,"minecraft:orange_concrete":3,"minecraft:iron_axe":1,"minecraft:flint_and_steel":1,"minecraft:white_carpet":14,"minecraft:quartz_slab":1,"minecraft:item_frame":1,"minecraft:glass_pane":4,"minecraft:beef":3,"minecraft:cyan_wool":1,"minecraft:poppy":4,"minecraft:birch_sapling":2,"minecraft:phantom_membrane":1,"minecraft:black_stained_glass":1,"minecraft:lime_wool":1,"minecraft:stone":3,"minecraft:note_block":1,"minecraft:stone_button":1,"minecraft:stone_pressure_plate":9,"minecraft:dark_oak_planks":1,"minecraft:smooth_sandstone_slab":3,"minecraft:tnt":1,"minecraft:oxeye_daisy":2,"minecraft:lapis_ore":4,"minecraft:smooth_red_sandstone_stairs":2,"minecraft:leather":2,"minecraft:filled_map":1,"minecraft:chainmail_chestplate":1,"minecraft:paper":15,"minecraft:orange_terracotta":3,"minecraft:apple":192,"minecraft:polished_andesite_slab":2,"minecraft:dark_oak_slab":6,"minecraft:emerald_block":1,"minecraft:red_wool":3,"minecraft:dandelion":3,"minecraft:sea_lantern":1,"minecraft:firework_rocket":66,"minecraft:polished_diorite":2,"minecraft:honey_block":2,"minecraft:painting":2,"minecraft:smooth_quartz_slab":1}},"DataVersion":2230}