{"stats":{"minecraft:used":{"minecraft:birch_fence":28,"minecraft:redstone_torch":14,"minecraft:oak_fence":4,"minecraft:glass":7,"minecraft:nether_brick_fence":1,"minecraft:end_rod":37,"minecraft:iron_bars":162,"minecraft:sandstone_stairs":4,"minecraft:quartz_pillar":234,"minecraft:black_stained_glass_pane":157,"minecraft:smooth_quartz_slab":310,"minecraft:quartz_slab":2,"minecraft:iron_block":66,"minecraft:lantern":12,"minecraft:polished_andesite":81,"minecraft:string":49,"minecraft:smooth_sandstone":62,"minecraft:light_gray_carpet":42,"minecraft:quartz_block":25,"minecraft:smooth_sandstone_slab":30,"minecraft:stone_slab":60,"minecraft:white_terracotta":68,"minecraft:red_terracotta":146,"minecraft:stone":303,"minecraft:gray_concrete_powder":11,"minecraft:smooth_quartz":182,"minecraft:end_stone_brick_slab":50,"minecraft:iron_door":15,"minecraft:sandstone_wall":9,"minecraft:stone_bricks":5,"minecraft:polished_andesite_slab":2,"minecraft:item_frame":1,"minecraft:green_terracotta":23,"minecraft:smooth_quartz_stairs":72,"minecraft:torch":1,"minecraft:red_nether_brick_slab":63,"minecraft:end_stone_brick_wall":42,"minecraft:diamond_block":4,"minecraft:repeater":10,"minecraft:potion":1,"minecraft:sand":3,"minecraft:anvil":8,"minecraft:bow":7,"minecraft:oak_slab":1,"minecraft:white_carpet":5,"minecraft:tnt":2,"minecraft:iron_trapdoor":9,"minecraft:magenta_terracotta":7,"minecraft:cyan_stained_glass_pane":133,"minecraft:end_stone_brick_stairs":37,"minecraft:andesite":9,"minecraft:stone_stairs":20,"minecraft:glass_pane":144,"minecraft:smooth_stone_slab":750,"minecraft:light_gray_concrete_powder":352,"minecraft:purple_terracotta":58,"minecraft:note_block":9,"minecraft:stone_brick_wall":163,"minecraft:white_concrete":422,"minecraft:green_stained_glass_pane":50,"minecraft:smooth_stone":30,"minecraft:oak_fence_gate":2,"minecraft:creeper_spawn_egg":5,"minecraft:andesite_wall":210},"minecraft:dropped":{"minecraft:elytra":1,"minecraft:firework_rocket":1},"minecraft:custom":{"minecraft:time_since_rest":1201797,"minecraft:sprint_one_cm":1666314,"minecraft:damage_taken":280,"minecraft:walk_one_cm":541703,"minecraft:drop":2,"minecraft:tune_noteblock":18,"minecraft:fly_one_cm":10528084,"minecraft:play_one_minute":1209043,"minecraft:crouch_one_cm":82378,"minecraft:deaths":1,"minecraft:sneak_time":33797,"minecraft:aviate_one_cm":977843,"minecraft:jump":3808,"minecraft:leave_game":22,"minecraft:time_since_death":1201767},"minecraft:picked_up":{"minecraft:iron_door":2,"minecraft:elytra":1,"minecraft:lantern":5,"minecraft:light_gray_concrete_powder":2,"minecraft:firework_rocket":64,"minecraft:light_gray_carpet":34}},"DataVersion":2230}