{"stats":{"minecraft:used":{"minecraft:end_rod":39,"minecraft:diorite":15,"minecraft:nether_brick_wall":2,"minecraft:iron_bars":196,"minecraft:brick_wall":2,"minecraft:birch_planks":9,"minecraft:smooth_quartz_slab":486,"minecraft:polished_andesite":3,"minecraft:birch_wood":1,"minecraft:polished_diorite_slab":927,"minecraft:smooth_sandstone_slab":9,"minecraft:white_concrete_powder":2,"minecraft:mossy_stone_brick_stairs":2,"minecraft:white_terracotta":11,"minecraft:sandstone":2,"minecraft:stone":46,"minecraft:cut_sandstone":1,"minecraft:end_stone_brick_slab":30,"minecraft:red_nether_brick_stairs":5,"minecraft:beacon":2,"minecraft:quartz_stairs":144,"minecraft:mossy_stone_brick_slab":30,"minecraft:smooth_quartz_stairs":143,"minecraft:end_stone_brick_wall":2,"minecraft:diamond_block":166,"minecraft:cut_sandstone_slab":2,"minecraft:birch_sign":18,"minecraft:cobblestone_wall":4,"minecraft:light_gray_terracotta":2,"minecraft:chiseled_quartz_block":7,"minecraft:purple_terracotta":4,"minecraft:stone_brick_wall":6,"minecraft:spruce_fence":5,"minecraft:end_stone":1,"minecraft:milk_bucket":1,"minecraft:polished_diorite":15,"minecraft:birch_fence":37,"minecraft:andesite_wall":1,"minecraft:mossy_cobblestone_stairs":2,"minecraft:glass":155,"minecraft:gray_terracotta":2,"minecraft:wooden_axe":11,"minecraft:lever":6,"minecraft:flower_pot":6,"minecraft:sea_lantern":67,"minecraft:firework_rocket":280,"minecraft:gray_stained_glass_pane":71,"minecraft:quartz_slab":28,"minecraft:iron_block":607,"minecraft:grass_block":54,"minecraft:slime_block":79,"minecraft:string":3,"minecraft:polished_andesite_stairs":17,"minecraft:smooth_sandstone":9,"minecraft:stone_button":7,"minecraft:quartz_block":1092,"minecraft:gray_concrete_powder":16,"minecraft:smooth_quartz":22,"minecraft:iron_door":23,"minecraft:diorite_wall":254,"minecraft:stone_brick_stairs":2,"minecraft:stone_bricks":168,"minecraft:bedrock":2,"minecraft:light_gray_wool":9,"minecraft:dark_oak_fence":3,"minecraft:smooth_stone_slab":118,"minecraft:sandstone_slab":3,"minecraft:polished_diorite_stairs":105,"minecraft:glass_pane":612,"minecraft:gold_block":90,"minecraft:end_stone_brick_stairs":3,"minecraft:white_concrete":56,"minecraft:smooth_stone":45,"minecraft:diorite_slab":16},"minecraft:killed":{"minecraft:wandering_trader":1,"minecraft:trader_llama":2},"minecraft:dropped":{"minecraft:lever":1,"minecraft:iron_block":1,"minecraft:quartz_block":1,"minecraft:white_concrete":1},"minecraft:custom":{"minecraft:mob_kills":3,"minecraft:play_one_minute":1146186,"minecraft:pot_flower":6,"minecraft:leave_game":11,"minecraft:time_since_death":1146186,"minecraft:time_since_rest":1146186,"minecraft:sprint_one_cm":3427975,"minecraft:walk_one_cm":5537373,"minecraft:drop":4,"minecraft:damage_dealt":760,"minecraft:interact_with_beacon":3,"minecraft:talked_to_villager":1,"minecraft:fly_one_cm":6459829,"minecraft:crouch_one_cm":1149606,"minecraft:sneak_time":82506,"minecraft:aviate_one_cm":4884769,"minecraft:jump":1159},"minecraft:picked_up":{"minecraft:iron_door":1,"minecraft:leather":2,"minecraft:lead":2,"minecraft:lantern":1,"minecraft:wheat_seeds":1,"minecraft:torch":3,"minecraft:stone_button":1,"minecraft:quartz_block":1,"minecraft:firework_rocket":1,"minecraft:lever":2,"minecraft:iron_block":1,"minecraft:white_concrete":1,"minecraft:light_gray_carpet":3}},"DataVersion":2230}