{"stats":{"minecraft:mined":{"minecraft:tripwire":1,"minecraft:lime_bed":1,"minecraft:gray_concrete_powder":2,"minecraft:birch_leaves":2},"minecraft:dropped":{"minecraft:yellow_terracotta":1,"minecraft:barrier":1,"minecraft:cornflower":1,"minecraft:wooden_axe":1,"minecraft:pig_spawn_egg":4,"minecraft:oak_sapling":5,"minecraft:stone_bricks":1,"minecraft:brick":17},"minecraft:custom":{"minecraft:mob_kills":8,"minecraft:inspect_hopper":1,"minecraft:interact_with_crafting_table":1,"minecraft:open_shulker_box":1,"minecraft:interact_with_campfire":8,"minecraft:damage_dealt_resisted":329,"minecraft:leave_game":109,"minecraft:time_since_death":1085415,"minecraft:climb_one_cm":13809,"minecraft:sprint_one_cm":3910549,"minecraft:walk_one_cm":6075705,"minecraft:drop":25,"minecraft:talked_to_villager":59,"minecraft:deaths":16,"minecraft:sneak_time":196319,"minecraft:walk_under_water_one_cm":129201,"minecraft:jump":18038,"minecraft:interact_with_blast_furnace":1,"minecraft:walk_on_water_one_cm":76649,"minecraft:tune_noteblock":17,"minecraft:play_one_minute":6077493,"minecraft:pot_flower":13,"minecraft:interact_with_grindstone":1,"minecraft:sleep_in_bed":1,"minecraft:time_since_rest":1085453,"minecraft:damage_taken":7773,"minecraft:open_enderchest":2,"minecraft:trigger_trapped_chest":1,"minecraft:damage_dealt":1403,"minecraft:swim_one_cm":162814,"minecraft:fly_one_cm":50145487,"minecraft:player_kills":2,"minecraft:open_chest":28,"minecraft:pig_one_cm":8709,"minecraft:crouch_one_cm":219855,"minecraft:aviate_one_cm":130951,"minecraft:fall_one_cm":304682,"minecraft:inspect_dispenser":3},"minecraft:killed":{"minecraft:spider":1,"minecraft:bat":1,"minecraft:donkey":1,"minecraft:cow":4,"minecraft:blaze":1},"minecraft:used":{"minecraft:oak_fence":7,"minecraft:oak_trapdoor":1,"minecraft:light_blue_banner":1,"minecraft:light_blue_stained_glass_pane":247,"minecraft:nether_brick_fence":44,"minecraft:writable_book":5,"minecraft:iron_bars":718,"minecraft:flint_and_steel":2,"minecraft:dispenser":3,"minecraft:ladder":31,"minecraft:smooth_quartz_slab":106,"minecraft:red_concrete":30,"minecraft:armor_stand":8,"minecraft:redstone":84,"minecraft:carrot_on_a_stick":1,"minecraft:diamond_hoe":4,"minecraft:poppy":4,"minecraft:oak_sign":8,"minecraft:light_blue_terracotta":160,"minecraft:black_carpet":4,"minecraft:white_concrete_powder":283,"minecraft:chest":12,"minecraft:white_terracotta":142,"minecraft:ender_chest":1,"minecraft:stone":104,"minecraft:stripped_jungle_wood":31,"minecraft:wooden_shovel":4,"minecraft:red_nether_brick_stairs":4,"minecraft:quartz_stairs":155,"minecraft:torch":55,"minecraft:sandstone_wall":26,"minecraft:smooth_sandstone_stairs":4,"minecraft:green_terracotta":147,"minecraft:spruce_leaves":113,"minecraft:orange_stained_glass":19,"minecraft:end_stone_brick_wall":102,"minecraft:red_nether_brick_slab":25,"minecraft:white_carpet":195,"minecraft:yellow_carpet":5,"minecraft:hopper":5,"minecraft:blue_stained_glass":122,"minecraft:brick_slab":184,"minecraft:prismarine_bricks":33,"minecraft:prismarine_brick_stairs":44,"minecraft:stone_stairs":145,"minecraft:nether_brick_slab":155,"minecraft:jungle_slab":20,"minecraft:orange_wool":60,"minecraft:pink_terracotta":66,"minecraft:spruce_fence":15,"minecraft:granite":11,"minecraft:cyan_wool":278,"minecraft:light_blue_stained_glass":87,"minecraft:blue_concrete":38,"minecraft:fern":4,"minecraft:polished_diorite":235,"minecraft:honey_bottle":2,"minecraft:andesite_wall":58,"minecraft:birch_door":57,"minecraft:glass":574,"minecraft:stone_brick_slab":64,"minecraft:wooden_axe":16,"minecraft:honey_block":185,"minecraft:sea_lantern":745,"minecraft:stripped_dark_oak_wood":1,"minecraft:bricks":162,"minecraft:bookshelf":31,"minecraft:light_gray_stained_glass":4,"minecraft:quartz_pillar":267,"minecraft:quartz_slab":846,"minecraft:grass_block":670,"minecraft:iron_block":296,"minecraft:red_wool":65,"minecraft:black_stained_glass_pane":323,"minecraft:lantern":19,"minecraft:light_weighted_pressure_plate":7,"minecraft:oak_stairs":14,"minecraft:smooth_sandstone":634,"minecraft:brick_stairs":3,"minecraft:slime_block":39,"minecraft:quartz_block":2462,"minecraft:polished_andesite_stairs":128,"minecraft:green_wool":12,"minecraft:dark_oak_leaves":77,"minecraft:gray_concrete_powder":311,"minecraft:smooth_quartz":641,"minecraft:diorite_wall":315,"minecraft:pink_wool":28,"minecraft:stone_brick_stairs":145,"minecraft:stone_bricks":750,"minecraft:item_frame":120,"minecraft:magenta_terracotta":238,"minecraft:repeater":43,"minecraft:birch_button":2,"minecraft:tripwire_hook":14,"minecraft:purple_concrete":26,"minecraft:birch_trapdoor":5,"minecraft:glowstone":56,"minecraft:red_carpet":71,"minecraft:redstone_lamp":12,"minecraft:scaffolding":72,"minecraft:bow":32,"minecraft:black_stained_glass":120,"minecraft:emerald_block":6,"minecraft:iron_trapdoor":15,"minecraft:written_book":62,"minecraft:jungle_button":5,"minecraft:oak_sapling":354,"minecraft:lime_stained_glass":82,"minecraft:white_stained_glass_pane":26,"minecraft:acacia_fence":12,"minecraft:trapped_chest":22,"minecraft:stone_pressure_plate":26,"minecraft:orange_terracotta":14,"minecraft:observer":3,"minecraft:orange_stained_glass_pane":39,"minecraft:green_stained_glass_pane":4,"minecraft:large_fern":4,"minecraft:light_blue_carpet":94,"minecraft:water_bucket":45,"minecraft:nether_brick_wall":4,"minecraft:end_rod":88,"minecraft:cow_spawn_egg":4,"minecraft:end_stone_bricks":69,"minecraft:spruce_door":10,"minecraft:sandstone_stairs":22,"minecraft:dropper":1,"minecraft:prismarine_brick_slab":81,"minecraft:birch_planks":44,"minecraft:stripped_birch_log":1,"minecraft:infested_stone":30,"minecraft:birch_leaves":216,"minecraft:red_stained_glass":4,"minecraft:polished_andesite":434,"minecraft:dark_oak_sign":1,"minecraft:lime_wool":297,"minecraft:oak_planks":75,"minecraft:cartography_table":6,"minecraft:blue_wool":1,"minecraft:andesite_slab":9,"minecraft:smooth_sandstone_slab":145,"minecraft:sandstone":17,"minecraft:redstone_block":16,"minecraft:magenta_stained_glass":12,"minecraft:diamond_axe":4,"minecraft:smooth_quartz_stairs":161,"minecraft:conduit":1,"minecraft:diamond_block":35,"minecraft:rail":10,"minecraft:oak_leaves":686,"minecraft:light_blue_concrete":21,"minecraft:white_wool":466,"minecraft:mossy_cobblestone":38,"minecraft:yellow_terracotta":411,"minecraft:lime_bed":10,"minecraft:terracotta":57,"minecraft:purpur_stairs":116,"minecraft:sand":33,"minecraft:lime_terracotta":9,"minecraft:comparator":3,"minecraft:infested_chiseled_stone_bricks":1,"minecraft:cut_sandstone_slab":2,"minecraft:dark_prismarine_slab":4,"minecraft:crafting_table":5,"minecraft:magenta_bed":8,"minecraft:light_blue_wool":875,"minecraft:birch_sign":10,"minecraft:yellow_concrete":284,"minecraft:acacia_leaves":6,"minecraft:campfire":2,"minecraft:light_gray_concrete_powder":7,"minecraft:purple_terracotta":453,"minecraft:chiseled_quartz_block":18,"minecraft:note_block":4,"minecraft:stone_brick_wall":130,"minecraft:gray_concrete":4,"minecraft:painting":34,"minecraft:black_concrete_powder":113,"minecraft:spruce_log":3,"minecraft:flower_pot":18,"minecraft:sticky_piston":2,"minecraft:redstone_torch":6,"minecraft:birch_fence":71,"minecraft:oak_log":60,"minecraft:purple_stained_glass":6,"minecraft:black_terracotta":72,"minecraft:black_wool":30,"minecraft:dark_prismarine":1,"minecraft:lever":5,"minecraft:green_concrete":32,"minecraft:black_concrete":126,"minecraft:cornflower":1,"minecraft:apple":13,"minecraft:firework_rocket":1,"minecraft:birch_slab":90,"minecraft:diamond_shovel":415,"minecraft:daylight_detector":23,"minecraft:command_block":55,"minecraft:stripped_jungle_log":1,"minecraft:lime_carpet":2,"minecraft:gray_stained_glass_pane":66,"minecraft:sunflower":1,"minecraft:heavy_weighted_pressure_plate":23,"minecraft:map":33,"minecraft:barrier":48,"minecraft:string":61,"minecraft:oak_button":6,"minecraft:stone_button":48,"minecraft:pig_spawn_egg":2,"minecraft:lectern":3,"minecraft:magenta_concrete":53,"minecraft:red_terracotta":938,"minecraft:purpur_slab":10,"minecraft:spruce_trapdoor":63,"minecraft:iron_door":38,"minecraft:gravel":45,"minecraft:polished_andesite_slab":299,"minecraft:yellow_wool":54,"minecraft:magenta_stained_glass_pane":12,"minecraft:chiseled_stone_bricks":31,"minecraft:green_carpet":2,"minecraft:smooth_red_sandstone_slab":2,"minecraft:coal_block":30,"minecraft:andesite":20,"minecraft:cyan_stained_glass_pane":16,"minecraft:stripped_oak_wood":3,"minecraft:white_banner":141,"minecraft:grindstone":4,"minecraft:jungle_door":9,"minecraft:red_banner":11,"minecraft:lapis_block":62,"minecraft:glass_pane":297,"minecraft:white_stained_glass":9,"minecraft:chain_command_block":2,"minecraft:sandstone_slab":45,"minecraft:grass_path":3,"minecraft:smooth_stone_slab":906,"minecraft:stripped_oak_log":2,"minecraft:sea_pickle":6,"minecraft:splash_potion":6,"minecraft:cobweb":110,"minecraft:white_concrete":2013,"minecraft:bone_meal":373,"minecraft:gray_wool":15,"minecraft:purple_wool":86,"minecraft:smooth_stone":1459,"minecraft:jukebox":1,"minecraft:birch_stairs":93,"minecraft:gray_stained_glass":54,"minecraft:green_stained_glass":31},"minecraft:killed_by":{"minecraft:player":7},"minecraft:picked_up":{"minecraft:wooden_axe":3,"minecraft:birch_door":1,"minecraft:azure_bluet":2,"minecraft:rabbit_stew":2,"minecraft:lead":1,"minecraft:potion":1,"minecraft:brick":2,"minecraft:blue_concrete":1,"minecraft:heavy_weighted_pressure_plate":5,"minecraft:cornflower":2,"minecraft:string":2,"minecraft:smooth_stone_slab":1,"minecraft:item_frame":4,"minecraft:sticky_piston":10,"minecraft:white_carpet":69,"minecraft:iron_shovel":1,"minecraft:oak_sign":2,"minecraft:glass_pane":1,"minecraft:sea_pickle":10,"minecraft:smooth_stone":1,"minecraft:light_weighted_pressure_plate":1,"minecraft:beef":5,"minecraft:redstone_torch":5,"minecraft:written_book":1,"minecraft:blue_wool":9,"minecraft:stone":6,"minecraft:torch":8,"minecraft:porkchop":7,"minecraft:quartz_pillar":1,"minecraft:stone_button":30,"minecraft:redstone":6,"minecraft:stone_pressure_plate":6,"minecraft:gray_stained_glass_pane":1,"minecraft:quartz_block":2,"minecraft:command_block":1,"minecraft:cow_spawn_egg":2,"minecraft:yellow_terracotta":1,"minecraft:saddle":1,"minecraft:white_wool":1,"minecraft:barrier":1,"minecraft:tripwire_hook":6,"minecraft:repeater":4,"minecraft:leather":3,"minecraft:filled_map":4,"minecraft:cooked_mutton":1,"minecraft:white_banner":1,"minecraft:light_gray_concrete_powder":1,"minecraft:gray_concrete_powder":3,"minecraft:glass":1,"minecraft:red_carpet":2,"minecraft:stone_bricks":1,"minecraft:wheat_seeds":9,"minecraft:pig_spawn_egg":13,"minecraft:scaffolding":35,"minecraft:cooked_porkchop":4,"minecraft:dandelion":3,"minecraft:grass_block":1,"minecraft:stripped_acacia_log":3,"minecraft:firework_rocket":124,"minecraft:lever":2,"minecraft:light_blue_carpet":3,"minecraft:birch_sign":4,"minecraft:oak_button":1,"minecraft:oak_sapling":14}},"DataVersion":2230}