{"stats":{"minecraft:used":{"minecraft:green_wool":3,"minecraft:map":3,"minecraft:crossbow":5,"minecraft:red_terracotta":4,"minecraft:stone":1,"minecraft:firework_rocket":32,"minecraft:quartz_pillar":19,"minecraft:grass_block":3,"minecraft:iron_block":30},"minecraft:dropped":{"minecraft:iron_block":1},"minecraft:custom":{"minecraft:jump":207,"minecraft:time_since_rest":226750,"minecraft:crouch_one_cm":6174,"minecraft:play_one_minute":226750,"minecraft:leave_game":2,"minecraft:sprint_one_cm":33613,"minecraft:time_since_death":226750,"minecraft:walk_one_cm":90114,"minecraft:sneak_time":6061,"minecraft:drop":1,"minecraft:fly_one_cm":859391,"minecraft:aviate_one_cm":10731},"minecraft:picked_up":{"minecraft:iron_block":1,"minecraft:firework_rocket":48}},"DataVersion":2230}