{"stats":{"minecraft:used":{"minecraft:stone":11,"minecraft:gray_concrete_powder":21},"minecraft:custom":{"minecraft:jump":10,"minecraft:time_since_rest":2228,"minecraft:crouch_one_cm":308,"minecraft:play_one_minute":2228,"minecraft:leave_game":1,"minecraft:sprint_one_cm":225,"minecraft:time_since_death":2228,"minecraft:walk_one_cm":8175,"minecraft:sneak_time":301,"minecraft:fly_one_cm":32089},"minecraft:picked_up":{"minecraft:gray_concrete_powder":2,"minecraft:stone_button":2}},"DataVersion":2230}