{"stats":{"minecraft:used":{"minecraft:oak_leaves":12,"minecraft:bedrock":2,"minecraft:spruce_leaves":5,"minecraft:sea_lantern":12,"minecraft:grass_block":2,"minecraft:polished_andesite":4,"minecraft:andesite":2,"minecraft:quartz_block":1,"minecraft:acacia_leaves":42,"minecraft:dark_oak_leaves":1,"minecraft:white_concrete":16,"minecraft:smooth_quartz":1,"minecraft:polished_diorite":8},"minecraft:custom":{"minecraft:time_since_rest":294728,"minecraft:crouch_one_cm":12929,"minecraft:play_one_minute":294728,"minecraft:sprint_one_cm":268104,"minecraft:damage_taken":110,"minecraft:walk_one_cm":391651,"minecraft:sneak_time":3639,"minecraft:drop":1,"minecraft:jump":645,"minecraft:leave_game":10,"minecraft:walk_on_water_one_cm":1452,"minecraft:time_since_death":294728,"minecraft:climb_one_cm":527,"minecraft:fall_one_cm":1200,"minecraft:fly_one_cm":4280527},"minecraft:dropped":{"minecraft:acacia_leaves":1},"minecraft:picked_up":{"minecraft:leather":1,"minecraft:acacia_leaves":1,"minecraft:lead":2}},"DataVersion":2230}